title,company,location,link
Backend Developer/Data Engineer (m/f/d),relayr GmbH,"München, Germany",https://stackoverflow.com/jobs/409827
DevOps Engineer - Managed Cloud Services,Esri,"Redlands, CA",https://stackoverflow.com/jobs/410783
DevSecOps (Security Operations) Engineer,VoiceThread,No office location,https://stackoverflow.com/jobs/444528
(Senior) Data Analyst/-Engineer,VEACT GmbH,"München, Deutschland",https://stackoverflow.com/jobs/410697
Software Developer Backend Machine HMI (m/w/d),Hays Professional Solutions GmbHviaHays PLC,"Ehingen (Donau), Deutschland",https://stackoverflow.com/jobs/409854
"Software Engineer Intern, Machine Learning / Computer Vision",Blackshark.ai GmbH,"Graz, Austria",https://stackoverflow.com/jobs/398121
Senior Software Development Engineer in Test,Pixelogic Media,"Madinet Al Eelam, Egypt",https://stackoverflow.com/jobs/372545
Senior Software Engineer (m/w/d),cellumation GmbH,"Bremen, Deutschland",https://stackoverflow.com/jobs/420104
Full-Stack Software Engineer,Strata Oncology,"Ann Arbor, MI",https://stackoverflow.com/jobs/371127
Software Engineer,ML6,"Ghent, Belgium",https://stackoverflow.com/jobs/409842
Senior Product Analyst,Zattoo,"Berlin, Germany",https://stackoverflow.com/jobs/420534
Softwareentwickler(m/w/d) Lokalisierung & Digitale Karten SLAM Autonomes Fahren,Elektronische Fahrwerksysteme GmbH,"Gaimersheim, Deutschland",https://stackoverflow.com/jobs/381691
DevOps Engineer (m/w/d),cellumation GmbH,"Bremen, Deutschland",https://stackoverflow.com/jobs/444509
Softwareentwickler (m/w/d) Referenzsensorik für automatisierte Fahrfunktionen,Elektronische Fahrwerksysteme GmbH,"Gaimersheim, Deutschland",https://stackoverflow.com/jobs/381693
Softwareentwickler (m/w/d) im Cloud Bereich,Elektronische Fahrwerksysteme GmbH,"Gaimersheim, Deutschland",https://stackoverflow.com/jobs/381695
"Python Developer (m/f/d) Berlin, Kreuzberg Startup",Grandperspective GmbH,"Berlin, Deutschland",https://stackoverflow.com/jobs/394237
"Senior Software Engineer, Fullstack",valora digital.,"Zürich, Switzerland",https://stackoverflow.com/jobs/302271
DevOps Cloud Engineer (m/w/d) in Bonn oder Köln,tarent solutions GmbH,"Bonn, Deutschland",https://stackoverflow.com/jobs/359636
"Cloud Engineer - AWS, Azure, Google (all genders)",Accenture DACH,"Zürich, Switzerland",https://stackoverflow.com/jobs/391301
Python Backend Developer (m/f/d) - Industrial Data Science and Software,Smart Steel Technologies GmbH,"Berlin, Germany",https://stackoverflow.com/jobs/334428
Frontend Software Engineer (m/f/d) - Industrial Data Science and Software,Smart Steel Technologies GmbH,"Berlin, Germany",https://stackoverflow.com/jobs/307564
Data Scientist (f/m/d),Receeve GmbH,"Hamburg, Germany",https://stackoverflow.com/jobs/444504
DevOps Engineer,Yescapa,"Bordeaux, France",https://stackoverflow.com/jobs/444503
Senior Software Engineer (f/m/d) - work with the best for a good purpose,PEAT GmbH,"Indore, India",https://stackoverflow.com/jobs/429647
Quantitative Developer,Axpo,"Madrid, Spain",https://stackoverflow.com/jobs/387879
IT Contractor - QA Automation Engineer,Ritchie Bros.,"Burnaby, BC",https://ca.indeed.com/viewjob?jk=1cc3d0e561718e53
PHP - Senior Software Architect (Payment Processing),MindGeek Careers,"Vancouver, BC",https://ca.indeed.com/viewjob?jk=8a93b1b9b7afca22
Sr. Software Engineer (Team Lead) - Python,Splunk,"Vancouver, BC",https://ca.indeed.com/viewjob?jk=85f1a41590b40951
Software Engineer,WebMD,"Vancouver, BC",https://ca.indeed.com/viewjob?jk=915a8769714cdaf7
"Software Development Engineer, Yard Technology","AMZN CAN Fulfillment Svcs, ULC","Vancouver, BC",https://ca.indeed.com/viewjob?jk=807c3bcd6f412155
Quality Assurance Automation Developer / Technical Customer Support,Starling Minds Inc,"Vancouver, BC",https://ca.indeed.com/viewjob?jk=c3cc4d069f8a80b1
Backend Software Engineer (Ruby),Curatio,"Vancouver, BC",https://ca.indeed.com/viewjob?jk=fcf32df8671340c5
Web designer - graphic design,Jiva Organics Manufacturing & Distributing Inc.,"Burnaby, BC",https://ca.indeed.com/viewjob?jk=6dc7519135ac7595
"Quality Software Engineer, Product",Targeted Talent,"Vancouver, BC",https://ca.indeed.com/viewjob?jk=73ee8c19a2575c94
Senior Systems Engineer,Lululemon,"Vancouver, BC",https://ca.indeed.com/viewjob?jk=2640a9f3c2529d6f
"Senior Software Engineer, Data Instruments",Tableau,"Vancouver, BC",https://ca.indeed.com/viewjob?jk=2718f721506952af
AppD Senior Sales Engineer - Western Canada (Vancouver or Calgary),Cisco Systems,"Vancouver, BC",https://ca.indeed.com/viewjob?jk=6335e19702da1b2a
Senior Engineer - Tech Lead,Ernst & Young,"Vancouver, BC",https://ca.indeed.com/viewjob?jk=605804f603188dbd
"Software Developer, Cloud & UI",Change Healthcare,"Richmond, BC",https://ca.indeed.com/viewjob?jk=10be004992a2a11b
Senior Software Engineer - Front-end/Full-stack,realtor.com,"Vancouver, BC",https://ca.indeed.com/viewjob?jk=1f604f931f6469d9
Lead React Native Developer,BlueBat Games,"Vancouver, BC",https://ca.indeed.com/viewjob?jk=e63dc89dbfb9406a
Web Development Software Engineer,International Financial Group,"Vancouver, BC",https://ca.indeed.com/viewjob?jk=4c16e3e2e8aa3a41
Software Engineer,Text IQ,"Vancouver, BC",https://ca.indeed.com/viewjob?jk=fc9a031e57905edc
Ecommerce Website Development Project Manager,Graphically Speaking,"Vancouver, BC",https://ca.indeed.com/viewjob?jk=5036bdfafa06f864
Senior Full Stack Engineer,Thinkific,"Vancouver, BC",https://ca.indeed.com/viewjob?jk=9b6631d7d32c3bbd
Frontend (React) Developer,Affinity Staffing,"Vancouver, BC",https://ca.indeed.com/viewjob?jk=73972869167e7cef
Javascript Software Development Engineer (L2),PressReader,"Richmond, BC",https://ca.indeed.com/viewjob?jk=74898a3a345f1378
"Developer, SAP Analytics Cloud (Infrastructure)",SAP,"Vancouver, BC",https://ca.indeed.com/viewjob?jk=90a1f217e93c4319
"Senior Software Engineer, Data Instruments, Tableau",Salesforce,"Vancouver, BC",https://ca.indeed.com/viewjob?jk=c285e19af52fa0be
Salesforce Developer,PDFTron Systems Inc.,"Vancouver, BC",https://ca.indeed.com/viewjob?jk=559d8342e40853b9
Senior Software Engineer (Front End),Visibify,"North Vancouver, BC",https://ca.indeed.com/viewjob?jk=2523d562d56acb87
Senior Full Stack Software Engineer,KORE Software,"Vancouver, BC",https://ca.indeed.com/viewjob?jk=0fb266f585af4a6f
"Senior Software Engineer, Full-Stack (Salesforce)",Ritchie Bros.,"Burnaby, BC",https://ca.indeed.com/viewjob?jk=3c6f97759919184a
Web Design and Content Marketing Strategist,NiceJob,"Vancouver, BC",https://ca.indeed.com/viewjob?jk=a082199918c8ae7f
Senior Web Developer,PDFTron Systems Inc.,"Vancouver, BC",https://ca.indeed.com/viewjob?jk=b4d11fe8bb54ecf0
Full Stack Developer (GIS Delivery Systems) - Vancouver,Randstad,"Vancouver, BC",https://ca.indeed.com/viewjob?jk=97a136a79a06cfdd
Site Reliability Engineer,"Take-Two Interactive Software, Inc.","Vancouver, BC",https://ca.indeed.com/viewjob?jk=4943a840716d34aa
Software QA Engineer (Test Automation),Darelle,"Vancouver, BC",https://ca.indeed.com/viewjob?jk=0792cf87c9147d61
Software QA Engineer (Test Automation),Darelle Media,"Vancouver, BC",https://ca.indeed.com/viewjob?jk=3b0f672e1c41d415
Software Development Engineer (Fullstack),"AMZN CAN Fulfillment Svcs, ULC","Vancouver, BC",https://ca.indeed.com/viewjob?jk=27d092874ad7de74
Sr. DevOps Engineer (Security),Thinkific,"Vancouver, BC",https://ca.indeed.com/viewjob?jk=e58277451ed25530
Intermediate Software Development Engineer in Test,Global Relay,"Vancouver, BC",https://ca.indeed.com/viewjob?jk=dcc66058044767b3
Lead Software Engineer,StreetLight Data,"Vancouver, BC",https://ca.indeed.com/viewjob?jk=155cb11f2b7c8ad8
Intermediate Full Stack Engineer,Thinkific,"Vancouver, BC",https://ca.indeed.com/viewjob?jk=9873f4f792a91fde
Senior Software Development Engineer in Test,Global Relay,"Vancouver, BC",https://ca.indeed.com/viewjob?jk=d459356aa8e789aa
Senior Software Engineer - Backend,AceIt Strategies!,"Vancouver, BC",https://ca.indeed.com/viewjob?jk=093f5ef6f40685a9
Senior Site Reliability Engineer,RecordPoint,"Vancouver, BC",https://ca.indeed.com/viewjob?jk=ae2ec55984f7f978
DevOps Engineer (Platform Team - Application Management),Central 1 Credit Union,"Vancouver, BC",https://ca.indeed.com/viewjob?jk=88babb47561aa41d
Quality Assurance Engineer,"AMZN CAN Fulfillment Svcs, ULC","Vancouver, BC",https://ca.indeed.com/viewjob?jk=c24cf2d737bebe8e
System Development Engineer II - AWS Cognito,"AMZN CAN Fulfillment Svcs, ULC","Vancouver, BC",https://ca.indeed.com/viewjob?jk=d860f4acb3024670
Senior Software Engineer C#,Visibify,"North Vancouver, BC",https://ca.indeed.com/viewjob?jk=f724ee9dd6e1d87e
Senior Full-Stack Developer,Canada Drives,"Vancouver, BC",https://ca.indeed.com/viewjob?jk=ee36957cbecabe9f
Software Development Engineer - AWS Backup,"AMZN CAN Fulfillment Svcs, ULC","Vancouver, BC",https://ca.indeed.com/viewjob?jk=da5d16762705255d
Senior Front-End Engineer (Vancouver),QUESTRADE INC,"Vancouver, BC",https://ca.indeed.com/viewjob?jk=05d872376defd67c
"DevOps Engineer, SAP Analytics Cloud",SAP,"Vancouver, BC",https://ca.indeed.com/viewjob?jk=c511385c14880155
